image_name,label,,,,,,,
6tjqTU40.png,2,,6tjqTU40.png,2,,1,,175
YQ6ZnSa9.png,0,,YQ6ZnSa9.png,0,,1,,0.988700565
2VQo3H65.png,0,,2VQo3H65.png,0,,1,,
CfPTRl6j.png,0,,CfPTRl6j.png,0,,1,,
fjrXsF3n.png,0,,fjrXsF3n.png,0,,1,,
7BZNvSaM.png,0,,7BZNvSaM.png,0,,1,,
62nJed4c.png,2,,62nJed4c.png,2,,1,,
falmq1rX.png,1,,falmq1rX.png,2,,0,,
CEUGhXtk.png,1,,CEUGhXtk.png,1,,1,,
f93Aapmi.png,1,,f93Aapmi.png,1,,1,,
MrAxvgDj.png,2,,MrAxvgDj.png,2,,1,,
TLjnY12Z.png,0,,TLjnY12Z.png,0,,1,,
PWhQANIn.png,2,,PWhQANIn.png,2,,1,,
LQjdkzGi.png,2,,LQjdkzGi.png,2,,1,,
S3a0ngkA.png,0,,S3a0ngkA.png,0,,1,,
7ISj1AcO.png,2,,7ISj1AcO.png,2,,1,,
jr2kV5hN.png,2,,jr2kV5hN.png,2,,1,,
WPIZ9b6L.png,1,,WPIZ9b6L.png,1,,1,,
7i1P3cko.png,1,,7i1P3cko.png,1,,1,,
8Dsw9gkG.png,2,,8Dsw9gkG.png,2,,1,,
xRkwMgWJ.png,0,,xRkwMgWJ.png,0,,1,,
b9xT0I4P.png,0,,b9xT0I4P.png,0,,1,,
1jfoIbJN.png,2,,1jfoIbJN.png,2,,1,,
NS8wPYXJ.png,0,,NS8wPYXJ.png,0,,1,,
sC4GFu9d.png,2,,sC4GFu9d.png,2,,1,,
s8wLVpUS.png,0,,s8wLVpUS.png,0,,1,,
rHZuS9Yn.png,2,,rHZuS9Yn.png,2,,1,,
4guqcrI3.png,0,,4guqcrI3.png,0,,1,,
02jv7G1P.png,0,,02jv7G1P.png,0,,1,,
kHZv582j.png,2,,kHZv582j.png,2,,1,,
YqcPejFT.png,0,,YqcPejFT.png,0,,1,,
qF0uwSWH.png,1,,qF0uwSWH.png,1,,1,,
SFoZqKRu.png,0,,SFoZqKRu.png,0,,1,,
fgh3VTb9.png,0,,fgh3VTb9.png,0,,1,,
SkozMUWV.png,2,,SkozMUWV.png,2,,1,,
ZPfFY1yO.png,2,,ZPfFY1yO.png,2,,1,,
P9ZIHuYB.png,1,,P9ZIHuYB.png,1,,1,,
shPHRLGp.png,2,,shPHRLGp.png,2,,1,,
apAvYs0i.png,2,,apAvYs0i.png,2,,1,,
B6n3CYi9.png,2,,B6n3CYi9.png,2,,1,,
B3OFi1A6.png,0,,B3OFi1A6.png,0,,1,,
sBUqtcoh.png,1,,sBUqtcoh.png,1,,1,,
pWVoURSf.png,1,,pWVoURSf.png,1,,1,,
RozmuO7M.png,2,,RozmuO7M.png,2,,1,,
mROaLhFy.png,2,,mROaLhFy.png,2,,1,,
jkm6Swxr.png,2,,jkm6Swxr.png,2,,1,,
sB1uKQM5.png,1,,sB1uKQM5.png,1,,1,,
dn8egJ9i.png,1,,dn8egJ9i.png,1,,1,,
XgmLGA0i.png,2,,XgmLGA0i.png,2,,1,,
TFRO9wHZ.png,0,,TFRO9wHZ.png,0,,1,,
cEZAPIDw.png,2,,cEZAPIDw.png,2,,1,,
EpP1TMa0.png,1,,EpP1TMa0.png,1,,1,,
RKETZGhm.png,1,,RKETZGhm.png,1,,1,,
dImC7tBN.png,2,,dImC7tBN.png,2,,1,,
k25EovrX.png,2,,k25EovrX.png,2,,1,,
RJxg0XPt.png,2,,RJxg0XPt.png,2,,1,,
sTg5rwmA.png,2,,sTg5rwmA.png,2,,1,,
i8tbBf0q.png,2,,i8tbBf0q.png,2,,1,,
LQKdnez4.png,0,,LQKdnez4.png,0,,1,,
u60lmWIr.png,2,,u60lmWIr.png,2,,1,,
WbISKYTs.png,0,,WbISKYTs.png,0,,1,,
65cQfRu2.png,2,,65cQfRu2.png,2,,1,,
4HCFm8zu.png,2,,4HCFm8zu.png,2,,1,,
FbAW0JvU.png,2,,FbAW0JvU.png,2,,1,,
VFbuwI7i.png,0,,VFbuwI7i.png,0,,1,,
fyDvjhKk.png,0,,fyDvjhKk.png,0,,1,,
6wER0mYu.png,2,,6wER0mYu.png,2,,1,,
uEKip8Be.png,0,,uEKip8Be.png,0,,1,,
NCJ6oR4p.png,2,,NCJ6oR4p.png,2,,1,,
6OKCvnyi.png,2,,6OKCvnyi.png,2,,1,,
mhGLOJbI.png,0,,mhGLOJbI.png,0,,1,,
8SL7FGW2.png,2,,8SL7FGW2.png,2,,1,,
N6EMjFbi.png,2,,N6EMjFbi.png,2,,1,,
AXYZnaIB.png,2,,AXYZnaIB.png,2,,1,,
YP9m5ilw.png,1,,YP9m5ilw.png,1,,1,,
8gv9Yy4d.png,1,,8gv9Yy4d.png,1,,1,,
gJaV3lt6.png,2,,gJaV3lt6.png,2,,1,,
ds1SZpGx.png,2,,ds1SZpGx.png,2,,1,,
xKOToDvl.png,2,,xKOToDvl.png,2,,1,,
jxPLQYtz.png,2,,jxPLQYtz.png,2,,1,,
UR5lTZJM.png,1,,UR5lTZJM.png,1,,1,,
sqFuGPrg.png,2,,sqFuGPrg.png,2,,1,,
mfX50kW2.png,2,,mfX50kW2.png,2,,1,,
JEVQ8ar4.png,2,,JEVQ8ar4.png,2,,1,,
7H2YkAwn.png,1,,7H2YkAwn.png,1,,1,,
8JO4kDZr.png,2,,8JO4kDZr.png,2,,1,,
C0VRTNlu.png,2,,C0VRTNlu.png,2,,1,,
HEje1PhZ.png,2,,HEje1PhZ.png,2,,1,,
JSBpiNvu.png,0,,JSBpiNvu.png,0,,1,,
jeIAEMBF.png,1,,jeIAEMBF.png,1,,1,,
POuz9NXR.png,2,,POuz9NXR.png,2,,1,,
xliO91KI.png,2,,xliO91KI.png,2,,1,,
eK1OJlqU.png,1,,eK1OJlqU.png,1,,1,,
ScPFLYya.png,1,,ScPFLYya.png,1,,1,,
ljrexiF1.png,0,,ljrexiF1.png,0,,1,,
JL2TStbx.png,0,,JL2TStbx.png,0,,1,,
yzZbcjvr.png,0,,yzZbcjvr.png,0,,1,,
zYpUqV0R.png,1,,zYpUqV0R.png,1,,1,,
U1VqLkf8.png,0,,U1VqLkf8.png,0,,1,,
Gqb4FDYf.png,2,,Gqb4FDYf.png,2,,1,,
7r0IvNph.png,1,,7r0IvNph.png,1,,1,,
m9IeZuXN.png,1,,m9IeZuXN.png,1,,1,,
6V3s8DKl.png,2,,6V3s8DKl.png,2,,1,,
RoYzfglq.png,2,,RoYzfglq.png,2,,1,,
WqvLBJfC.png,1,,WqvLBJfC.png,1,,1,,
6tGEikFP.png,2,,6tGEikFP.png,2,,1,,
WBPnruDg.png,2,,WBPnruDg.png,2,,1,,
n9eOr2Vh.png,0,,n9eOr2Vh.png,0,,1,,
mBaydeDo.png,1,,mBaydeDo.png,1,,1,,
1fa3wZcl.png,2,,1fa3wZcl.png,2,,1,,
4IBd8XDG.png,0,,4IBd8XDG.png,0,,1,,
cRFOTk4P.png,0,,cRFOTk4P.png,0,,1,,
IghVafm5.png,2,,IghVafm5.png,2,,1,,
wES1CV0b.png,2,,wES1CV0b.png,1,,0,,
atjc7Ayd.png,0,,atjc7Ayd.png,0,,1,,
2vt0nKHj.png,0,,2vt0nKHj.png,0,,1,,
DOJ658Vq.png,0,,DOJ658Vq.png,0,,1,,
wngtyo4l.png,1,,wngtyo4l.png,1,,1,,
hJtj8oUw.png,2,,hJtj8oUw.png,2,,1,,
oIc7adlL.png,2,,oIc7adlL.png,2,,1,,
ZgQNldA8.png,2,,ZgQNldA8.png,2,,1,,
iMcaFIuG.png,2,,iMcaFIuG.png,2,,1,,
Fd3sCrIz.png,0,,Fd3sCrIz.png,0,,1,,
C6b7qIRa.png,1,,C6b7qIRa.png,1,,1,,
YMWPBhDZ.png,2,,YMWPBhDZ.png,2,,1,,
kzGcm7P3.png,1,,kzGcm7P3.png,1,,1,,
Hswjyniu.png,2,,Hswjyniu.png,2,,1,,
Stoj5TYb.png,1,,Stoj5TYb.png,1,,1,,
wXsab1Ec.png,0,,wXsab1Ec.png,0,,1,,
UhaV3bsn.png,1,,UhaV3bsn.png,1,,1,,
JeXn8ua3.png,1,,JeXn8ua3.png,1,,1,,
q2epbHoC.png,2,,q2epbHoC.png,2,,1,,
y5OmhadC.png,0,,y5OmhadC.png,0,,1,,
Gpxv4Uzd.png,2,,Gpxv4Uzd.png,2,,1,,
dPu4TRIb.png,0,,dPu4TRIb.png,0,,1,,
S8tKkAlL.png,2,,S8tKkAlL.png,2,,1,,
AiXYzlm3.png,2,,AiXYzlm3.png,2,,1,,
UsI647Kf.png,0,,UsI647Kf.png,0,,1,,
hye5v2TY.png,0,,hye5v2TY.png,0,,1,,
wRpMJNaD.png,1,,wRpMJNaD.png,1,,1,,
O3HCPuhs.png,2,,O3HCPuhs.png,2,,1,,
ZYpiwl5N.png,1,,ZYpiwl5N.png,1,,1,,
8zc6emCg.png,0,,8zc6emCg.png,0,,1,,
Z1Xz4rWJ.png,0,,Z1Xz4rWJ.png,0,,1,,
i805esHc.png,2,,i805esHc.png,2,,1,,
0rKDHimx.png,2,,0rKDHimx.png,2,,1,,
8NZ4Bquh.png,2,,8NZ4Bquh.png,2,,1,,
zL4YkwJF.png,1,,zL4YkwJF.png,1,,1,,
8cvyfrVM.png,2,,8cvyfrVM.png,2,,1,,
GncMT603.png,2,,GncMT603.png,2,,1,,
oTHq3vyn.png,2,,oTHq3vyn.png,2,,1,,
98cwaZjP.png,0,,98cwaZjP.png,0,,1,,
OEPiF5mX.png,1,,OEPiF5mX.png,1,,1,,
nGOBwfPm.png,2,,nGOBwfPm.png,2,,1,,
Q9N8Vy1z.png,2,,Q9N8Vy1z.png,2,,1,,
01jKDwRi.png,1,,01jKDwRi.png,1,,1,,
OBv0sUWg.png,1,,OBv0sUWg.png,1,,1,,
8hfSgUOk.png,2,,8hfSgUOk.png,2,,1,,
7ETIZxqm.png,2,,7ETIZxqm.png,2,,1,,
mVenvyQC.png,1,,mVenvyQC.png,1,,1,,
UCVnW4MP.png,0,,UCVnW4MP.png,0,,1,,
HEliKJn2.png,0,,HEliKJn2.png,0,,1,,
7AGSXIPr.png,1,,7AGSXIPr.png,1,,1,,
FZjTSyPm.png,2,,FZjTSyPm.png,2,,1,,
dZFAJc1t.png,1,,dZFAJc1t.png,1,,1,,
YzNZgp7b.png,2,,YzNZgp7b.png,2,,1,,
wUIjTGC7.png,2,,wUIjTGC7.png,2,,1,,
svSlcVxY.png,2,,svSlcVxY.png,2,,1,,
7MbsCE4L.png,1,,7MbsCE4L.png,1,,1,,
Qm3nyDvC.png,1,,Qm3nyDvC.png,1,,1,,
M7Va8QHD.png,2,,M7Va8QHD.png,2,,1,,
XI5H4VdL.png,0,,XI5H4VdL.png,0,,1,,
47yQrVip.png,2,,47yQrVip.png,2,,1,,
eh3msrqU.png,0,,eh3msrqU.png,0,,1,,
jYVkO6yA.png,1,,jYVkO6yA.png,1,,1,,
DpljIvGu.png,0,,DpljIvGu.png,0,,1,,
f3tU12q8.png,1,,f3tU12q8.png,1,,1,,
